{ 
"nx" : [3],
"nu" : [5],
"ne" : [1],
"nd" : [3],
"matA" : [1, 0, 0, 
0, 1, 0, 
0, 0, 1],
"matB" : [-1, 1, 0, 
0, -1, 1, 
0, 0, 0, 
0, 0, 0, 
0, 0, -1],
"matGd" : [1, 0, 0, 
0, 1, 0, 
0, 0, 1],
"matE" : [0, 
0, 
-1, 
-1, 
1],
"matEd" : [0, 
0, 
-1],
"vecXmin" : [100, 50, 100],
"vecXmax" : [150, 300, 150],
"vecUmin" : [0, 0, 0, 0, 0],
"vecUmax" : [100, 100, 100, 100, 100],
"costAlpha1" : [10, 10, 10, 10, 10],
"N" : [24],
"vecXsafe" : [5.250000e+01, 105, 5.250000e+01]
}