{ 
"nx" : [3],
"nu" : [2],
"ne" : [0],
"nd" : [3],
"N" : [24],
"matA" : [1, 0, 0, 
0, 1, 0, 
0, 0, 1],
"matB" : [-1, 1, 0, 
0, -1, 1],
"matGd" : [1, 0, 0, 
0, 1, 0, 
0, 0, 1],
"matE" : [,
"matEd" : [,
"vecXmin" : [100, 50, 100],
"vecXmax" : [100, 50, 100, 150],
"vecXsafe" : [35, 1.750000e+01, 35, 5.250000e+01],
"vecUmin" : [0, 0],
"vecUmax" : [100, 100],
"costAlpha1" : [10, 10]
}