{ 
"N" : [24],
"dimDemand" : [4],
"dimPrices" : [6],
"dHat" : [3.846191e-01, 5.829864e-01, 2.518061e-01, 2.904407e-01, 6.170909e-01, 2.652809e-01, 8.243763e-01, 9.826634e-01, 7.302488e-01, 3.438770e-01, 5.840693e-01, 1.077690e-01, 9.063082e-01, 8.796537e-01, 8.177606e-01, 2.607280e-01, 5.943563e-01, 2.251259e-02, 4.252593e-01, 3.127189e-01, 1.614847e-01, 1.787662e-01, 4.228857e-01, 9.422934e-02, 5.985237e-01, 4.709243e-01, 6.959493e-01, 6.998878e-01, 6.385308e-01, 3.360384e-02, 6.880610e-02, 3.195997e-01, 5.308643e-01, 6.544457e-01, 4.076192e-01, 8.199812e-01, 7.183589e-01, 9.686493e-01, 5.313339e-01, 3.251457e-01, 1.056292e-01, 6.109587e-01, 7.788022e-01, 4.234529e-01, 9.082329e-02, 2.664715e-01, 1.536567e-01, 2.810053e-01, 4.400851e-01, 5.271427e-01, 4.574244e-01, 8.753716e-01, 5.180521e-01, 9.436226e-01, 6.377091e-01, 9.576939e-01, 2.407070e-01, 6.761223e-01, 2.890646e-01, 6.718082e-01, 6.951405e-01, 6.799277e-02, 2.547902e-01, 2.240400e-01, 6.678327e-01, 8.443922e-01, 3.444624e-01, 7.805197e-01, 6.753321e-01, 6.715314e-03, 6.021705e-01, 3.867712e-01, 9.159912e-01, 1.151057e-03, 4.624492e-01, 4.243490e-01, 4.609164e-01, 7.701597e-01, 3.224718e-01, 7.847393e-01, 4.713572e-01, 3.576273e-02, 1.758744e-01, 7.217580e-01, 4.734860e-01, 1.527212e-01, 3.411246e-01, 6.073892e-01, 1.917453e-01, 7.384268e-01, 2.428496e-01, 9.174243e-01, 2.690616e-01, 7.655000e-01, 1.886620e-01, 2.874982e-01],
"alphaHat" : [0, 0, 2.644914e-02, 3.099685e-02, 2.315281e-02, 0, 
0, 0, 2.644914e-02, 3.099685e-02, 2.315281e-02, 0, 
0, 0, 2.644914e-02, 3.099685e-02, 2.315281e-02, 0, 
0, 0, 2.644914e-02, 3.099685e-02, 2.315281e-02, 0, 
0, 0, 2.644914e-02, 3.099685e-02, 2.315281e-02, 0, 
0, 0, 4.820953e-02, 4.297609e-02, 4.220123e-02, 0, 
0, 0, 4.820953e-02, 4.297609e-02, 4.220123e-02, 0, 
0, 0, 4.820953e-02, 4.297609e-02, 4.220123e-02, 0, 
0, 0, 4.820953e-02, 4.297609e-02, 4.220123e-02, 0, 
0, 0, 4.820953e-02, 4.297609e-02, 4.220123e-02, 0, 
0, 0, 4.820953e-02, 4.297609e-02, 4.220123e-02, 0, 
0, 0, 4.820953e-02, 4.297609e-02, 4.220123e-02, 0, 
0, 0, 3.895046e-02, 4.297609e-02, 3.409610e-02, 0, 
0, 0, 3.895046e-02, 4.297609e-02, 3.409610e-02, 0, 
0, 0, 3.895046e-02, 4.297609e-02, 3.409610e-02, 0, 
0, 0, 3.895046e-02, 4.297609e-02, 3.409610e-02, 0, 
0, 0, 3.895046e-02, 4.297609e-02, 3.409610e-02, 0, 
0, 0, 3.895046e-02, 4.297609e-02, 3.409610e-02, 0, 
0, 0, 3.895046e-02, 4.297609e-02, 3.409610e-02, 0, 
0, 0, 3.895046e-02, 4.297609e-02, 3.409610e-02, 0, 
0, 0, 3.895046e-02, 4.297609e-02, 3.409610e-02, 0, 
0, 0, 2.644914e-02, 3.099685e-02, 2.315281e-02, 0, 
0, 0, 2.644914e-02, 3.099685e-02, 2.315281e-02, 0, 
0, 0, 2.644914e-02, 3.099685e-02, 2.315281e-02, 0]
}