{ 
"N" : [24],
"dimDemand" : [4],
"dimPrices" : [6],
"dHat" : [4.867916e-01, 4.358586e-01, 4.467837e-01, 3.063495e-01, 5.085087e-01, 5.107716e-01, 8.176277e-01, 7.948314e-01, 6.443181e-01, 3.786094e-01, 8.115805e-01, 5.328256e-01, 3.507271e-01, 9.390016e-01, 8.759428e-01, 5.501563e-01, 6.224751e-01, 5.870447e-01, 2.077423e-01, 3.012463e-01, 4.709233e-01, 2.304882e-01, 8.443088e-01, 1.947643e-01, 2.259218e-01, 1.707080e-01, 2.276643e-01, 4.356987e-01, 3.111023e-01, 9.233796e-01, 4.302074e-01, 1.848163e-01, 9.048810e-01, 9.797484e-01, 4.388700e-01, 1.111192e-01, 2.580647e-01, 4.087198e-01, 5.948961e-01, 2.622117e-01, 6.028431e-01, 7.112158e-01, 2.217467e-01, 1.174177e-01, 2.966759e-01, 3.187783e-01, 4.241668e-01, 5.078583e-01, 8.551580e-02, 2.624822e-01, 8.010146e-01, 2.922028e-02, 9.288541e-01, 7.303309e-01, 4.886090e-01, 5.785251e-01, 2.372836e-01, 4.588488e-01, 9.630885e-01, 5.468057e-01, 5.211358e-01, 2.315944e-01, 4.888977e-01, 6.240601e-01, 6.791355e-01, 3.955152e-01, 3.674366e-01, 9.879820e-01, 3.773887e-02, 8.851680e-01, 9.132868e-01, 7.961839e-01, 9.871228e-02, 2.618712e-01, 3.353568e-01, 6.797280e-01, 1.365531e-01, 7.212275e-01, 1.067619e-01, 6.537573e-01, 4.941739e-01, 7.790517e-01, 7.150371e-01, 9.037206e-01, 8.909225e-01, 3.341631e-01, 6.987458e-01, 1.978098e-01, 3.054095e-02, 7.440743e-01, 5.000224e-01, 4.799221e-01, 9.047222e-01, 6.098666e-01, 6.176664e-01, 8.594423e-01],
"costAlpha2" : [0, 0, 2.644914e-02, 3.099685e-02, 2.315281e-02, 0, 
0, 0, 2.644914e-02, 3.099685e-02, 2.315281e-02, 0, 
0, 0, 2.644914e-02, 3.099685e-02, 2.315281e-02, 0, 
0, 0, 2.644914e-02, 3.099685e-02, 2.315281e-02, 0, 
0, 0, 2.644914e-02, 3.099685e-02, 2.315281e-02, 0, 
0, 0, 4.820953e-02, 4.297609e-02, 4.220123e-02, 0, 
0, 0, 4.820953e-02, 4.297609e-02, 4.220123e-02, 0, 
0, 0, 4.820953e-02, 4.297609e-02, 4.220123e-02, 0, 
0, 0, 4.820953e-02, 4.297609e-02, 4.220123e-02, 0, 
0, 0, 4.820953e-02, 4.297609e-02, 4.220123e-02, 0, 
0, 0, 4.820953e-02, 4.297609e-02, 4.220123e-02, 0, 
0, 0, 4.820953e-02, 4.297609e-02, 4.220123e-02, 0, 
0, 0, 3.895046e-02, 4.297609e-02, 3.409610e-02, 0, 
0, 0, 3.895046e-02, 4.297609e-02, 3.409610e-02, 0, 
0, 0, 3.895046e-02, 4.297609e-02, 3.409610e-02, 0, 
0, 0, 3.895046e-02, 4.297609e-02, 3.409610e-02, 0, 
0, 0, 3.895046e-02, 4.297609e-02, 3.409610e-02, 0, 
0, 0, 3.895046e-02, 4.297609e-02, 3.409610e-02, 0, 
0, 0, 3.895046e-02, 4.297609e-02, 3.409610e-02, 0, 
0, 0, 3.895046e-02, 4.297609e-02, 3.409610e-02, 0, 
0, 0, 3.895046e-02, 4.297609e-02, 3.409610e-02, 0, 
0, 0, 2.644914e-02, 3.099685e-02, 2.315281e-02, 0, 
0, 0, 2.644914e-02, 3.099685e-02, 2.315281e-02, 0, 
0, 0, 2.644914e-02, 3.099685e-02, 2.315281e-02, 0]
}