{ 
"N" : [24],
"dimDemand" : [4],
"dimPrices" : [6],
"dHat" : [5.000224e-01, 4.799221e-01, 9.047222e-01, 6.098666e-01, 6.176664e-01, 8.594423e-01, 8.054894e-01, 5.767215e-01, 1.829225e-01, 2.399320e-01, 8.865119e-01, 2.867415e-02, 4.899014e-01, 1.679271e-01, 9.786806e-01, 7.126945e-01, 5.004716e-01, 4.710884e-01, 5.961887e-02, 6.819719e-01, 4.243114e-02, 7.144546e-02, 5.216498e-01, 9.673003e-02, 8.181486e-01, 8.175471e-01, 7.224396e-01, 1.498654e-01, 6.596053e-01, 5.185949e-01, 9.729746e-01, 6.489915e-01, 8.003306e-01, 4.537977e-01, 4.323915e-01, 8.253138e-01, 8.346981e-02, 1.331710e-01, 1.733886e-01, 3.909378e-01, 8.313797e-01, 8.033644e-01, 6.047118e-02, 3.992578e-01, 5.268758e-01, 4.167995e-01, 6.568599e-01, 6.279734e-01, 2.919841e-01, 4.316512e-01, 1.548713e-02, 9.840637e-01, 1.671684e-01, 1.062163e-01, 3.724097e-01, 1.981184e-01, 4.896876e-01, 3.394934e-01, 9.516305e-01, 9.203320e-01, 5.267700e-02, 7.378581e-01, 2.691194e-01, 4.228356e-01, 5.478709e-01, 9.427370e-01, 4.177441e-01, 9.830525e-01, 3.014549e-01, 7.010988e-01, 6.663389e-01, 5.391265e-01, 6.981055e-01, 6.665279e-01, 1.781325e-01, 1.280144e-01, 9.990804e-01, 1.711211e-01, 3.260082e-02, 5.611998e-01, 8.818665e-01, 6.691753e-01, 1.904333e-01, 3.689165e-01, 4.607259e-01, 9.816380e-01, 1.564050e-01, 8.555228e-01, 6.447645e-01, 3.762722e-01, 1.909237e-01, 4.282530e-01, 4.820221e-01, 1.206116e-01, 5.895075e-01, 2.261877e-01],
"alphaHat" : [0, 0, 2.644914e-02, 3.099685e-02, 2.315281e-02, 0, 
0, 0, 2.644914e-02, 3.099685e-02, 2.315281e-02, 0, 
0, 0, 2.644914e-02, 3.099685e-02, 2.315281e-02, 0, 
0, 0, 2.644914e-02, 3.099685e-02, 2.315281e-02, 0, 
0, 0, 2.644914e-02, 3.099685e-02, 2.315281e-02, 0, 
0, 0, 4.820953e-02, 4.297609e-02, 4.220123e-02, 0, 
0, 0, 4.820953e-02, 4.297609e-02, 4.220123e-02, 0, 
0, 0, 4.820953e-02, 4.297609e-02, 4.220123e-02, 0, 
0, 0, 4.820953e-02, 4.297609e-02, 4.220123e-02, 0, 
0, 0, 4.820953e-02, 4.297609e-02, 4.220123e-02, 0, 
0, 0, 4.820953e-02, 4.297609e-02, 4.220123e-02, 0, 
0, 0, 4.820953e-02, 4.297609e-02, 4.220123e-02, 0, 
0, 0, 3.895046e-02, 4.297609e-02, 3.409610e-02, 0, 
0, 0, 3.895046e-02, 4.297609e-02, 3.409610e-02, 0, 
0, 0, 3.895046e-02, 4.297609e-02, 3.409610e-02, 0, 
0, 0, 3.895046e-02, 4.297609e-02, 3.409610e-02, 0, 
0, 0, 3.895046e-02, 4.297609e-02, 3.409610e-02, 0, 
0, 0, 3.895046e-02, 4.297609e-02, 3.409610e-02, 0, 
0, 0, 3.895046e-02, 4.297609e-02, 3.409610e-02, 0, 
0, 0, 3.895046e-02, 4.297609e-02, 3.409610e-02, 0, 
0, 0, 3.895046e-02, 4.297609e-02, 3.409610e-02, 0, 
0, 0, 2.644914e-02, 3.099685e-02, 2.315281e-02, 0, 
0, 0, 2.644914e-02, 3.099685e-02, 2.315281e-02, 0, 
0, 0, 2.644914e-02, 3.099685e-02, 2.315281e-02, 0]
}