{ 
"nx" : [3],
"nu" : [6],
"ne" : [2],
"nd" : [4],
"N" : [24],
"matA" : [1, 0, 0, 
0, 1, 0, 
0, 0, 1],
"matB" : [0, 0, 0, 
0, 0, 0, 
0, 0, 1, 
1, 0, 0, 
1, 0, 0, 
0, 1, 0],
"matGd" : [-1, 0, 0, 
0, 0, 0, 
0, -1, 0, 
0, 0, -1],
"matE" : [1, 0, 
-1, 1, 
-1, 0, 
0, 0, 
0, -1, 
-1, 0],
"matEd" : [0, 0, 
0, -1, 
0, 0, 
0, 0],
"vecXmin" : [0, 0, 0],
"vecXmax" : [470, 960, 3100],
"vecXsafe" : [42, 18, 270],
"vecUmin" : [0, 0, 0, 0, 0, 0],
"vecUmax" : [4.669200e+04, 1800, 4320, 540, 1.141200e+03, 7.920000e+02],
"costAlpha1" : [1.237000e-01, 
0, 
0, 
5.410000e-02, 
0, 
0]
}