{ 
"nx" : [3],
"nu" : [6],
"ne" : [2],
"nv" : [4],
"nd" : [4],
"N" : [24],
"matA" : [1, 0, 0, 
0, 1, 0, 
0, 0, 1],
"matB" : [0, 0, 0, 
0, 0, 0, 
0, 0, 1, 
1, 0, 0, 
1, 0, 0, 
0, 1, 0],
"matGd" : [-1, 0, 0, 
0, 0, 0, 
0, -1, 0, 
0, 0, -1],
"matE" : [1, 0, 
-1, 1, 
-1, 0, 
0, 0, 
0, -1, 
-1, 0],
"matEd" : [0, 0, 
0, -1, 
0, 0, 
0, 0],
"matL" : [5.532557e-01, -5.843040e-02, 8.058430e-01, 0, -5.843040e-02, -1.941570e-01, 
0, 0, 0, 1, 0, 0, 
3.195341e-01, 6.494176e-01, -1.649418e-01, 0, 6.494176e-01, -1.649418e-01, 
5.532557e-01, -5.843040e-02, -1.941570e-01, 0, -5.843040e-02, 8.058430e-01],
"matLhat" : [0, 0, 0, 0, 0, 0, 
1.428571e-01, 4.285714e-01, -1.428571e-01, 0, -5.714286e-01, -1.428571e-01, 
0, 0, 0, 0, 0, 0, 
0, 0, 0, 0, 0, 0],
"matDiagPrecnd" : [1, 1, 1, 1, 1, 1, 1, 1, 1, 1, 1, 1, 1, 1, 1, 1, 1, 1, 1, 1, 1, 1, 1, 1, 1, 1, 1, 1, 1, 1, 1, 1, 1, 1, 1, 1, 1, 1, 1, 1, 1, 1, 1, 1, 1, 1, 1, 1, 1, 1, 1, 1, 1, 1, 1, 1, 1, 1, 1, 1, 1, 1, 1, 1, 1, 1, 1, 1, 1, 1, 1, 1, 1, 1, 1, 1, 1, 1, 1, 1, 1, 1, 1, 1, 1, 1, 1, 1, 1, 1, 1, 1, 1, 1, 1, 1, 1, 1, 1, 1, 1, 1, 1, 1, 1, 1, 1, 1, 1, 1, 1, 1, 1, 1, 1, 1, 1, 1, 1, 1, 1, 1, 1, 1, 1, 1, 1, 1, 1, 1, 1, 1, 1, 1, 1, 1, 1, 1, 1, 1, 1, 1, 1, 1, 1, 1, 1, 1, 1, 1, 1, 1, 1, 1, 1, 1, 1, 1, 1, 1, 1, 1, 1, 1, 1, 1, 1, 1, 1, 1, 1, 1, 1, 1, 1, 1, 1, 1, 1, 1, 1, 1, 1, 1, 1, 1, 1, 1, 1, 1, 1, 1, 1, 1, 1, 1, 1, 1, 1, 1, 1, 1, 1, 1, 1, 1, 1, 1, 1, 1, 1, 1, 1, 1, 1, 1, 1, 1, 1, 1, 1, 1, 1, 1, 1, 1, 1, 1, 1, 1, 1, 1, 1, 1, 1, 1, 1, 1, 1, 1, 1, 1, 1, 1, 1, 1, 1, 1, 1, 1, 1, 1, 1, 1, 1, 1, 1, 1, 1, 1, 1, 1, 1, 1, 1, 1, 1, 1, 1, 1, 1, 1, 1, 1, 1, 1, 1, 1, 1, 1, 1, 1, 1, 1, 1, 1, 1, 1],
"vecXmin" : [0, 0, 0],
"vecXmax" : [470, 960, 3100],
"vecXsafe" : [42, 18, 270],
"vecUmin" : [0, 0, 0, 0, 0, 0],
"vecUmax" : [4.669200e+04, 1800, 4320, 540, 1.141200e+03, 7.920000e+02],
"costW" : [2, 0, 0, 0, 0, 0, 
0, 2, 0, 0, 0, 0, 
0, 0, 2, 0, 0, 0, 
0, 0, 0, 2, 0, 0, 
0, 0, 0, 0, 2, 0, 
0, 0, 0, 0, 0, 2],
"costAlpha1" : [1.237000e-01, 0, 0, 5.410000e-02, 0, 0],
"costAlpha2" : [0, 0, 2.644914e-02, 3.099685e-02, 2.315281e-02, 0, 
0, 0, 2.644914e-02, 3.099685e-02, 2.315281e-02, 0, 
0, 0, 2.644914e-02, 3.099685e-02, 2.315281e-02, 0, 
0, 0, 2.644914e-02, 3.099685e-02, 2.315281e-02, 0, 
0, 0, 2.644914e-02, 3.099685e-02, 2.315281e-02, 0, 
0, 0, 4.820953e-02, 4.297609e-02, 4.220123e-02, 0, 
0, 0, 4.820953e-02, 4.297609e-02, 4.220123e-02, 0, 
0, 0, 4.820953e-02, 4.297609e-02, 4.220123e-02, 0, 
0, 0, 4.820953e-02, 4.297609e-02, 4.220123e-02, 0, 
0, 0, 4.820953e-02, 4.297609e-02, 4.220123e-02, 0, 
0, 0, 4.820953e-02, 4.297609e-02, 4.220123e-02, 0, 
0, 0, 4.820953e-02, 4.297609e-02, 4.220123e-02, 0, 
0, 0, 3.895046e-02, 4.297609e-02, 3.409610e-02, 0, 
0, 0, 3.895046e-02, 4.297609e-02, 3.409610e-02, 0, 
0, 0, 3.895046e-02, 4.297609e-02, 3.409610e-02, 0, 
0, 0, 3.895046e-02, 4.297609e-02, 3.409610e-02, 0, 
0, 0, 3.895046e-02, 4.297609e-02, 3.409610e-02, 0, 
0, 0, 3.895046e-02, 4.297609e-02, 3.409610e-02, 0, 
0, 0, 3.895046e-02, 4.297609e-02, 3.409610e-02, 0, 
0, 0, 3.895046e-02, 4.297609e-02, 3.409610e-02, 0, 
0, 0, 3.895046e-02, 4.297609e-02, 3.409610e-02, 0, 
0, 0, 2.644914e-02, 3.099685e-02, 2.315281e-02, 0, 
0, 0, 2.644914e-02, 3.099685e-02, 2.315281e-02, 0, 
0, 0, 2.644914e-02, 3.099685e-02, 2.315281e-02, 0]
}