{ 
"N" : [24],
"K" : [2],
"dimDemand" : [4],
"dimPrice" : [6],
"nodes" : [47],
"nChildrenTot" : [46],
"nNonLeafNodes" : [45],
"stages" : [0, 1, 1, 2, 2, 3, 3, 4, 4, 5, 5, 6, 6, 7, 7, 8, 8, 9, 9, 10, 10, 11, 11, 12, 12, 13, 13, 14, 14, 15, 15, 16, 16, 17, 17, 18, 18, 19, 19, 20, 20, 21, 21, 22, 22, 23, 23],
"nodesPerStage" : [1, 2, 2, 2, 2, 2, 2, 2, 2, 2, 2, 2, 2, 2, 2, 2, 2, 2, 2, 2, 2, 2, 2, 2, 0],
"nodesPerStageCumul" : [0, 1, 3, 5, 7, 9, 11, 13, 15, 17, 19, 21, 23, 25, 27, 29, 31, 33, 35, 37, 39, 41, 43, 45, 47, 47],
"leaves" : [46, 47],
"children" : [2, 3, 4, 5, 6, 7, 8, 9, 10, 11, 12, 13, 14, 15, 16, 17, 18, 19, 20, 21, 22, 23, 24, 25, 26, 27, 28, 29, 30, 31, 32, 33, 34, 35, 36, 37, 38, 39, 40, 41, 42, 43, 44, 45, 46, 47],
"ancestor" : [0, 1, 1, 2, 3, 4, 5, 6, 7, 8, 9, 10, 11, 12, 13, 14, 15, 16, 17, 18, 19, 20, 21, 22, 23, 24, 25, 26, 27, 28, 29, 30, 31, 32, 33, 34, 35, 36, 37, 38, 39, 40, 41, 42, 43, 44, 45],
"nChildren" : [2, 1, 1, 1, 1, 1, 1, 1, 1, 1, 1, 1, 1, 1, 1, 1, 1, 1, 1, 1, 1, 1, 1, 1, 1, 1, 1, 1, 1, 1, 1, 1, 1, 1, 1, 1, 1, 1, 1, 1, 1, 1, 1, 1, 1],
"nChildrenCumul" : [2, 3, 4, 5, 6, 7, 8, 9, 10, 11, 12, 13, 14, 15, 16, 17, 18, 19, 20, 21, 22, 23, 24, 25, 26, 27, 28, 29, 30, 31, 32, 33, 34, 35, 36, 37, 38, 39, 40, 41, 42, 43, 44, 45, 46, 46, 46],
"probNode" : [1, 7.360000e-01, 2.640000e-01, 7.360000e-01, 2.640000e-01, 7.360000e-01, 2.640000e-01, 7.360000e-01, 2.640000e-01, 7.360000e-01, 2.640000e-01, 7.360000e-01, 2.640000e-01, 7.360000e-01, 2.640000e-01, 7.360000e-01, 2.640000e-01, 7.360000e-01, 2.640000e-01, 7.360000e-01, 2.640000e-01, 7.360000e-01, 2.640000e-01, 7.360000e-01, 2.640000e-01, 7.360000e-01, 2.640000e-01, 7.360000e-01, 2.640000e-01, 7.360000e-01, 2.640000e-01, 7.360000e-01, 2.640000e-01, 7.360000e-01, 2.640000e-01, 7.360000e-01, 2.640000e-01, 7.360000e-01, 2.640000e-01, 7.360000e-01, 2.640000e-01, 7.360000e-01, 2.640000e-01, 7.360000e-01, 2.640000e-01, 7.360000e-01, 2.640000e-01],
"valueNode" : [0, 0, 0, 0, 
4.047832e-04, 5.800249e-04, 1.718009e-04, 2.630246e-03, 
1.622272e-03, 2.324598e-03, 6.885362e-04, 1.054138e-02, 
1.760481e-04, 2.522641e-04, 7.471957e-05, 1.143945e-03, 
1.981766e-03, 2.839726e-03, 8.411148e-04, 1.287734e-02, 
2.083993e-04, 2.986210e-04, 8.845030e-05, 1.354160e-03, 
2.166077e-03, 3.103830e-03, 9.193414e-04, 1.407498e-02, 
2.354616e-04, 3.373992e-04, 9.993624e-05, 1.530008e-03, 
2.432623e-03, 3.485771e-03, 1.032471e-03, 1.580697e-02, 
2.426664e-04, 3.477233e-04, 1.029942e-04, 1.576825e-03, 
2.739861e-03, 3.926020e-03, 1.162871e-03, 1.780337e-02, 
2.632759e-04, 3.772552e-04, 1.117414e-04, 1.710744e-03, 
3.139891e-03, 4.499235e-03, 1.332654e-03, 2.040273e-02, 
3.057087e-04, 4.380582e-04, 1.297510e-04, 1.986468e-03, 
3.531780e-03, 5.060783e-03, 1.498983e-03, 2.294919e-02, 
3.527564e-04, 5.054742e-04, 1.497193e-04, 2.292180e-03, 
4.107452e-03, 5.885680e-03, 1.743314e-03, 2.668986e-02, 
4.201023e-04, 6.019760e-04, 1.783028e-04, 2.729788e-03, 
4.503615e-03, 6.453352e-03, 1.911456e-03, 2.926409e-02, 
4.595482e-04, 6.584991e-04, 1.950447e-04, 2.986104e-03, 
4.646717e-03, 6.658407e-03, 1.972192e-03, 3.019396e-02, 
4.616834e-04, 6.615587e-04, 1.959509e-04, 2.999978e-03, 
4.803791e-03, 6.883482e-03, 2.038858e-03, 3.121461e-02, 
5.418914e-04, 7.764908e-04, 2.299933e-04, 3.521162e-03, 
4.937517e-03, 7.075102e-03, 2.095615e-03, 3.208355e-02, 
5.862705e-04, 8.400828e-04, 2.488290e-04, 3.809534e-03, 
5.065689e-03, 7.258763e-03, 2.150015e-03, 3.291640e-02, 
6.456394e-04, 9.251542e-04, 2.740268e-04, 4.195308e-03, 
5.487351e-03, 7.862974e-03, 2.328980e-03, 3.565632e-02, 
7.161837e-04, 1.026239e-03, 3.039677e-04, 4.653698e-03, 
5.737614e-03, 8.221582e-03, 2.435198e-03, 3.728251e-02, 
7.833526e-04, 1.122487e-03, 3.324760e-04, 5.090156e-03, 
5.835944e-03, 8.362483e-03, 2.476932e-03, 3.792145e-02, 
8.389484e-04, 1.202152e-03, 3.560723e-04, 5.451412e-03, 
5.873814e-03, 8.416747e-03, 2.493005e-03, 3.816752e-02, 
9.286174e-04, 1.330641e-03, 3.941303e-04, 6.034074e-03, 
5.881947e-03, 8.428402e-03, 2.496457e-03, 3.822037e-02, 
1.005694e-03, 1.441085e-03, 4.268434e-04, 6.534908e-03, 
6.432379e-03, 9.217130e-03, 2.730075e-03, 4.179703e-02, 
1.054746e-03, 1.511374e-03, 4.476625e-04, 6.853645e-03, 
6.629242e-03, 9.499221e-03, 2.813629e-03, 4.307623e-02, 
1.074988e-03, 1.540380e-03, 4.562540e-04, 6.985179e-03, 
6.696971e-03, 9.596270e-03, 2.842375e-03, 4.351632e-02, 
1.141283e-03, 1.635376e-03, 4.843915e-04, 7.415959e-03, 
6.847409e-03, 9.811838e-03, 2.906225e-03, 4.449386e-02, 
1.184787e-03, 1.697714e-03, 5.028557e-04, 7.698644e-03, 
6.786335e-03, 9.724323e-03, 2.880304e-03, 4.409701e-02]
}