{ 
"N" : [24],
"K" : [1],
"dimNode" : [4],
"nodes" : [24],
"nChildrenTot" : [23],
"nNonLeafNodes" : [23],
"stages" : [0, 1, 2, 3, 4, 5, 6, 7, 8, 9, 10, 11, 12, 13, 14, 15, 16, 17, 18, 19, 20, 21, 22, 23],
"nodesPerStage" : [1, 1, 1, 1, 1, 1, 1, 1, 1, 1, 1, 1, 1, 1, 1, 1, 1, 1, 1, 1, 1, 1, 1, 1, 0],
"nodesPerStageCumul" : [0, 1, 2, 3, 4, 5, 6, 7, 8, 9, 10, 11, 12, 13, 14, 15, 16, 17, 18, 19, 20, 21, 22, 23, 24, 24],
"leaves" : [24],
"children" : [2, 3, 4, 5, 6, 7, 8, 9, 10, 11, 12, 13, 14, 15, 16, 17, 18, 19, 20, 21, 22, 23, 24],
"ancestor" : [0, 1, 2, 3, 4, 5, 6, 7, 8, 9, 10, 11, 12, 13, 14, 15, 16, 17, 18, 19, 20, 21, 22, 23],
"nChildren" : [1, 1, 1, 1, 1, 1, 1, 1, 1, 1, 1, 1, 1, 1, 1, 1, 1, 1, 1, 1, 1, 1, 1, 0],
"nChildrenCumul" : [1, 2, 3, 4, 5, 6, 7, 8, 9, 10, 11, 12, 13, 14, 15, 16, 17, 18, 19, 20, 21, 22, 23, 23],
"probNode" : [1, 1.000000e+00, 1.000000e+00, 1.000000e+00, 1.000000e+00, 1.000000e+00, 1.000000e+00, 1.000000e+00, 1.000000e+00, 1.000000e+00, 1.000000e+00, 1.000000e+00, 1.000000e+00, 1.000000e+00, 1.000000e+00, 1.000000e+00, 1.000000e+00, 1.000000e+00, 1.000000e+00, 1.000000e+00, 1.000000e+00, 1.000000e+00, 1.000000e+00, 1.000000e+00],
"valueNode" : [0, 0, 0, 0, 
4.047832e-04, 5.800249e-04, 1.718009e-04, 2.630246e-03, 
5.380405e-04, 7.709728e-04, 2.283589e-04, 3.496140e-03, 
6.189048e-04, 8.868454e-04, 2.626799e-04, 4.021588e-03, 
6.737351e-04, 9.654132e-04, 2.859513e-04, 4.377871e-03, 
7.572814e-04, 1.085129e-03, 3.214107e-04, 4.920748e-03, 
8.185297e-04, 1.172893e-03, 3.474061e-04, 5.318734e-03, 
9.236057e-04, 1.323460e-03, 3.920032e-04, 6.001508e-03, 
1.061389e-03, 1.520893e-03, 4.504821e-04, 6.896811e-03, 
1.174140e-03, 1.682457e-03, 4.983368e-04, 7.629460e-03, 
1.242556e-03, 1.780493e-03, 5.273744e-04, 8.074021e-03, 
1.316476e-03, 1.886415e-03, 5.587481e-04, 8.554347e-03, 
1.392740e-03, 1.995694e-03, 5.911162e-04, 9.049898e-03, 
1.479254e-03, 2.119663e-03, 6.278354e-04, 9.612063e-03, 
1.567422e-03, 2.246001e-03, 6.652560e-04, 1.018497e-02, 
1.699591e-03, 2.435390e-03, 7.213523e-04, 1.104379e-02, 
1.757076e-03, 2.517762e-03, 7.457505e-04, 1.141733e-02, 
1.834739e-03, 2.629047e-03, 7.787127e-04, 1.192197e-02, 
1.952124e-03, 2.797252e-03, 8.285342e-04, 1.268473e-02, 
2.013087e-03, 2.884606e-03, 8.544082e-04, 1.308086e-02, 
2.036936e-03, 2.918781e-03, 8.645306e-04, 1.323583e-02, 
2.066272e-03, 2.960817e-03, 8.769817e-04, 1.342645e-02, 
2.184057e-03, 3.129594e-03, 9.269727e-04, 1.419181e-02, 
2.272760e-03, 3.256700e-03, 9.646208e-04, 1.476820e-02],
"dHat" : [8.147237e-01, 9.057919e-01, 1.269868e-01, 9.133759e-01, 6.323592e-01, 9.754040e-02, 2.784982e-01, 5.468815e-01, 9.575068e-01, 9.648885e-01, 1.576131e-01, 9.705928e-01, 9.571669e-01, 4.853756e-01, 8.002805e-01, 1.418863e-01, 4.217613e-01, 9.157355e-01, 7.922073e-01, 9.594924e-01, 6.557407e-01, 3.571168e-02, 8.491293e-01, 9.339932e-01, 6.787352e-01, 7.577401e-01, 7.431325e-01, 3.922270e-01, 6.554779e-01, 1.711867e-01, 7.060461e-01, 3.183285e-02, 2.769230e-01, 4.617139e-02, 9.713178e-02, 8.234578e-01, 6.948286e-01, 3.170995e-01, 9.502220e-01, 3.444608e-02, 4.387444e-01, 3.815585e-01, 7.655168e-01, 7.951999e-01, 1.868726e-01, 4.897644e-01, 4.455862e-01, 6.463130e-01, 7.093648e-01, 7.546867e-01, 2.760251e-01, 6.797027e-01, 6.550980e-01, 1.626117e-01, 1.189977e-01, 4.983641e-01, 9.597440e-01, 3.403857e-01, 5.852678e-01, 2.238119e-01, 7.512671e-01, 2.550951e-01, 5.059571e-01, 6.990767e-01, 8.909033e-01, 9.592914e-01, 5.472155e-01, 1.386244e-01, 1.492940e-01, 2.575083e-01, 8.407173e-01, 2.542822e-01, 8.142848e-01, 2.435250e-01, 9.292636e-01, 3.499838e-01, 1.965953e-01, 2.510839e-01, 6.160447e-01, 4.732888e-01, 3.516595e-01, 8.308286e-01, 5.852641e-01, 5.497236e-01, 9.171937e-01, 2.858390e-01, 7.572002e-01, 7.537291e-01, 3.804458e-01, 5.678216e-01, 7.585429e-02, 5.395012e-02, 5.307976e-01, 7.791672e-01, 9.340107e-01, 1.299062e-01]
}